-------------ACTORS---------

INSERT INTO actor VALUES (1,'PENELOPE','GUINESS'),
(2,'NICK','WAHLBERG'),
(3,'ED','CHASE'),
(4,'JENNIFER','DAVIS'),
(5,'JOHNNY','LOLLOBRIGIDA'),
(6,'BETTE','NICHOLSON'),
(7,'GRACE','MOSTEL'),
(8,'MATTHEW','JOHANSSON'),
(9,'JOE','SWANK'),
(10,'CHRISTIAN','GABLE'),
(11,'Itzel','Moyer'),
(12,'Thalia','Hernandez'),
(13,'Myla','Craig'),
(14,'Jazmine','Alvarez'),
(15,'Tristin','Banks'),
(16,'Aliyah','Holmes'),
(17,'Joselyn','Curtis'),
(18,'Harper','Walters'),
(19,'Augustus','Kent'),
(20,'Gaige','Compton'),
(21,'Tommy','Ewing'),
(22,'Denzel','Mathis'),
(23,'Karli','Vaughan'),
(24,'Milagros','Tate'),
(25,'Cordell','Richard'),
(26,'Adrien','Miranda'),
(27,'Denise','Wolf'),
(28,'Genesis','Zamora'),
(29,'Manuel','Livingston'),
(30,'Layla','Buckley'),
(31,'Ishaan','Moss'),
(32,'Gilberto','Berry'),
(33,'Deanna','Coffey'),
(34,'Mckenzie','Hutchinson'),
(35,'Jovanny','Webster'),
(36,'Samantha','Peterson'),
(37,'Mila','Frederick'),
(38,'Jaiden','Owens'),
(39,'Adelyn','Boyle'),
(40,'Jamir','Benitez'),
(41,'Josue','Rich'),
(42,'Mateo','Lester'),
(43,'Alisha','Calderon'),
(44,'Cassidy','Miranda'),
(45,'Jasmin','Goodwin'),
(46,'Yasmin','Olsen'),
(47,'Jacquelyn','Jenkins'),
(48,'Kaylyn','Copeland'),
(49,'Malcolm','Potts'),
(50,'Sanai','Greene'),
(51,'Urijah','Hood'),
(52,'Amara','Barr'),
(53,'Taniyah','Mcconnell'),
(54,'Kaelyn','Rangel'),
(55,'Turner','Schmidt'),
(56,'Lennon','Hester'),
(57,'Brooklyn','Banks'),
(58,'Maleah','Oneal'),
(59,'Natalia','Conrad'),
(60,'Ross','Ayers'),
(61,'Antoine','Nicholson'),
(62,'Rylie','Luna'),
(63,'Ramon','Huff'),
(64,'Celia','Nunez'),
(65,'Tabitha','Ho'),
(66,'Dexter','Vargas'),
(67,'Jimmy','Deleon'),
(68,'Micah','Mcintosh'),
(69,'Franklin','Friedman'),
(70,'Lisa','Rodriguez'),
(71,'Lizbeth','Morton'),
(72,'Johnny','Santiago'),
(73,'Jaron','Rowe'),
(74,'William','Pittman'),
(75,'Trevor','Livingston'),
(76,'Averi','Downs'),
(77,'Jordan','Duke'),
(78,'Kyleigh','Rollins'),
(79,'Jude','Galloway'),
(80,'Marcy','Cruz'),
(81,'Reed','Foster'),
(82,'Mauricio','Wiggins'),
(83,'Dax','Santiago'),
(84,'Lorelai','Willis'),
(85,'Aditya','Richardson'),
(86,'Nylah','Horn'),
(87,'Jace','Duran'),
(88,'Ramiro','Andrade'),
(89,'Jasmine','Glover'),
(90,'Freddy','Simon'),
(91,'Ray','Jarvis'),
(92,'Rylee','Duncan'),
(93,'Kadyn','Gentry'),
(94,'Chandler','Hart'),
(95,'Julianne','Gallagher'),
(96,'Rosa','Mccullough'),
(97,'Sofia','Perry'),
(98,'Amir','Fuller'),
(99,'Saul','Case'),
(100,'Itzel','Mendoza'),
(101,'Dario','Escobar'),
(102,'Abel','Juarez'),
(103,'Michaela','Everett'),
(104,'Terry','Meadows'),
(105,'Alice','Lindsey'),
(106,'Tess','Parks'),
(107,'Jaycee','Berg'),
(108,'Jordan','Crosby'),
(109,'Shayla','Dominguez'),
(110,'Greyson','Liu'),
(111,'Kimberly','Raymond'),
(112,'Brittany','Huffman'),
(113,'Marcel','Pennington'),
(114,'Asa','Sherman'),
(115,'Viviana','Mooney'),
(116,'Lillian','Buckley'),
(117,'Lorena','Johnson'),
(118,'Anabel','Hunt'),
(119,'Nina','Small'),
(120,'Rishi','Pope'),
(121,'Jaqueline','Watkins'),
(122,'Mariam','Wise'),
(123,'Dylan','Lambert'),
(124,'Tanner','Zhang'),
(125,'Janet','Cameron'),
(126,'Isabella','Crawford'),
(127,'Kyan','Tapia'),
(128,'Alexzander','Lin'),
(129,'Tyrone','Lamb'),
(130,'Cael','Welch'),
(131,'Gwendolyn','Savage'),
(132,'Monserrat','Curry'),
(133,'Addyson','Watkins'),
(134,'Lily','Wall'),
(135,'Davon','Sampson'),
(136,'Marissa','Mcconnell'),
(137,'Mitchell','Oconnell'),
(138,'Irvin','Booth'),
(139,'Teagan','Copeland'),
(140,'Victoria','Thomas'),
(141,'River','Barnes'),
(142,'Abel','Harvey'),
(143,'Genesis','Khan'),
(144,'Aden','Williams'),
(145,'Tyrell','Mclean'),
(146,'Trevor','Floyd'),
(147,'Declan','Kelly'),
(148,'Asia','Barber'),
(149,'Emilee','Bryant'),
(150,'Sophie','Fitzpatrick'),
(151,'Hazel','Bowman'),
(152,'Karla','Duarte'),
(153,'Levi','Mitchell'),
(154,'Emily','Gilmore'),
(155,'Donavan','Osborn'),
(156,'Yadira','Carey'),
(157,'Matteo','Campbell'),
(158,'Mareli','Shea'),
(159,'Carsen','Brooks'),
(160,'Jaylynn','Turner'),
(161,'Maleah','Fowler'),
(162,'Yosef','Maddox'),
(163,'Alessandro','Walls'),
(164,'Gideon','Durham'),
(165,'Aliana','Glover'),
(166,'Alia','Berg'),
(167,'Jada','Brennan'),
(168,'Aimee','Kirk'),
(169,'Rowan','Owen'),
(170,'Diamond','Monroe'),
(171,'Elliott','Blackwell'),
(172,'German','Oconnor'),
(173,'Glenn','Wallace'),
(174,'Conor','Willis'),
(175,'Breanna','Randall'),
(176,'Dylan','Roman'),
(177,'Simeon','Allen'),
(178,'Kali','Luna'),
(179,'Marin','Soto'),
(180,'Hillary','Meyer'),
(181,'Shania','Duffy'),
(182,'Kathleen','Hahn'),
(183,'Davin','Summers'),
(184,'Rashad','Noble'),
(185,'Judah','Doyle'),
(186,'Shaun','Mitchell'),
(187,'Kathryn','Fry'),
(188,'Lorena','Russo'),
(189,'Melanie','Tanner'),
(190,'Marely','Miranda'),
(191,'Reid','Lang'),
(192,'Easton','Torres'),
(193,'Krista','Romero'),
(194,'Arthur','Mcknight'),
(195,'Aldo','Clarke'),
(196,'Jan','Dillon'),
(197,'Brayan','Krueger'),
(198,'Zavier','Anthony'),
(199,'Alfredo','Greene'),
(200,'Kamila','Prince'),
(201,'Reese','Brennan'),
(202,'Jaylynn','Erickson'),
(203,'Madalynn','Black'),
(204,'Ella','West'),
(205,'Princess','Pace'),
(206,'Camila','Phelps'),
(207,'Elijah','Moore'),
(208,'Shirley','Buck'),
(209,'Simone','Hancock'),
(210,'Liliana','Dawson'),
(211,'Maxwell','Herman'),
(212,'Liana','Watkins'),
(213,'Abel','Mcclure'),
(214,'Lilah','Case'),
(215,'Braydon','Howe'),
(216,'Moises','Herrera'),
(217,'Omari','Butler'),
(218,'Reagan','Powers'),
(219,'Olive','Bullock'),
(220,'Athena','Guzman'),
(221,'Mckenna','Perkins'),
(222,'Ben','Decker'),
(223,'Sage','Pratt'),
(224,'Braden','English'),
(225,'Jaden','Neal'),
(226,'Kelvin','Petty'),
(227,'Kevin','Callahan'),
(228,'Josiah','Zhang'),
(229,'Emilio','Valdez'),
(230,'Emmett','Williamson'),
(231,'Meghan','Molina'),
(232,'Emilia','Fernandez'),
(233,'Amiyah','Fleming'),
(234,'Marlee','Welch'),
(235,'Cierra','Shea'),
(236,'Meadow','Campbell'),
(237,'Brady','Walker'),
(238,'Jonas','Forbes'),
(239,'Anton','Waller'),
(240,'Riley','Glenn'),
(241,'Ben','Mendez'),
(242,'Chase','Mclaughlin'),
(243,'Chasity','Sparks'),
(244,'Terrell','Whitehead'),
(245,'Kayley','Andersen'),
(246,'Paulina','Keith'),
(247,'Rylee','Charles'),
(248,'Areli','Romero'),
(249,'Tyrell','Patrick'),
(250,'Neveah','Davenport'),
(251,'Cristofer','Johns'),
(252,'Cannon','Giles'),
(253,'Zackery','Cruz'),
(254,'Jonah','Ho'),
(255,'Gabrielle','York'),
(256,'Emery','Aguirre'),
(257,'Gianni','Sheppard'),
(258,'Simone','Griffith'),
(259,'Brady','Leach'),
(260,'Cara','Mullins'),
(261,'Breanna','Burton'),
(262,'Franklin','Martinez'),
(263,'Maryjane','King'),
(264,'Aileen','Mcintyre'),
(265,'Jace','Moon'),
(266,'Libby','Rogers'),
(267,'Brooklynn','Gibbs'),
(268,'Kasey','Paul'),
(269,'Gideon','Walker'),
(270,'Alina','Payne'),
(271,'Ashlyn','Pope'),
(272,'Whitney','Berry'),
(273,'Kamden','Bowen'),
(274,'Aaliyah','Cooper'),
(275,'Derick','Hill'),
(276,'Jenny','Boyd'),
(277,'Makhi','Barber'),
(278,'Myla','Bradley'),
(279,'Beatrice','Murphy'),
(280,'Zachary','Mckenzie'),
(281,'Alberto','Walton'),
(282,'Dwayne','Sexton'),
(283,'Braylen','Ayala'),
(284,'Angela','Hays'),
(285,'Memphis','Mcgee'),
(286,'Kaley','Strickland'),
(287,'Beau','Schaefer'),
(288,'Kallie','Griffin'),
(289,'Aisha','Roberts'),
(290,'Lilly','Mccarthy'),
(291,'Adelyn','Payne'),
(292,'Julissa','Ballard'),
(293,'Jasmin','Powers'),
(294,'Colten','Glover'),
(295,'Liana','Buchanan'),
(296,'Viviana','Soto'),
(297,'Glenn','Ruiz'),
(298,'Breanna','Green'),
(299,'Leonardo','Farley'),
(300,'Sienna','Berger'),
(301,'Penelope','Becker'),
(302,'Carlo','Kerr'),
(303,'Marcus','Mack'),
(304,'Trey','Dean'),
(305,'Tomas','Barton'),
(306,'Haven','Townsend'),
(307,'Jaxon','Fry'),
(308,'Javon','Yu'),
(309,'Alfred','Rasmussen'),
(310,'Troy','Brewer'),
(311,'Colby','Holt'),
(312,'Jane','Lam'),
(313,'Nicholas','Werner'),
(314,'Stacy','Hutchinson'),
(315,'Jaiden','Martin'),
(316,'Makenna','Tanner'),
(317,'Nevaeh','Daniel'),
(318,'Darian','Mcclure'),
(319,'Lucille','Ritter'),
(320,'Georgia','Houston'),
(321,'Aleah','Lynch'),
(322,'Paloma','Hughes'),
(323,'Malachi','Rocha'),
(324,'June','Nixon'),
(325,'Frank','Baker'),
(326,'Shannon','Torres'),
(327,'Kamora','Small'),
(328,'Lawson','Mccormick'),
(329,'Keyon','Morton'),
(330,'Efrain','Salas'),
(331,'Royce','Graves'),
(332,'Albert','Huff'),
(333,'Clara','Underwood'),
(334,'Jovanny','Lin'),
(335,'Elena','Gill'),
(336,'Meredith','Mcconnell'),
(337,'Anna','Lucero'),
(338,'Kirsten','Daniel'),
(339,'Logan','Arellano'),
(340,'Aaliyah','Gilmore'),
(341,'Journey','Murray'),
(342,'Jordin','Krause'),
(343,'Quinn','Stanley'),
(344,'Gerald','Waller'),
(345,'Thaddeus','Myers'),
(346,'Martha','Osborn'),
(347,'Malakai','Greer'),
(348,'Jaylon','Davies'),
(349,'Talan','Bush'),
(350,'Louis','Spencer'),
(351,'Jaeden','Harrell'),
(352,'Payton','Mccoy'),
(353,'Marques','Gaines'),
(354,'Urijah','Arellano'),
(355,'Everett','Rush'),
(356,'Kymani','Greer'),
(357,'Lailah','Pearson'),
(358,'Kayley','Francis'),
(359,'Eliana','Calhoun'),
(360,'Jaxon','Benson'),
(361,'Mareli','Schneider'),
(362,'Lamont','Poole'),
(363,'Carley','Morton'),
(364,'Simon','Baker'),
(365,'Alissa','Maddox'),
(366,'Josie','Fernandez'),
(367,'Alia','Cobb'),
(368,'Rylie','Cline'),
(369,'Hannah','Mcbride'),
(370,'Adelaide','Lamb'),
(371,'Jarrett','Mckay'),
(372,'Kenzie','Patel'),
(373,'Jesus','Randall'),
(374,'Octavio','Davies'),
(375,'Dorian','Howe'),
(376,'Chance','Estes'),
(377,'Valerie','Warner'),
(378,'Lindsey','Harrison'),
(379,'Holden','Neal'),
(380,'Hunter','Madden'),
(381,'Mira','Mcguire'),
(382,'Lillian','Goodman'),
(383,'Lennon','Soto'),
(384,'Belen','Robertson'),
(385,'Carissa','Taylor'),
(386,'Killian','Sexton'),
(387,'Sierra','Espinoza'),
(388,'Brennan','Salazar'),
(389,'Kiara','Terrell'),
(390,'Kailey','Mooney'),
(391,'Samson','Mercado'),
(392,'Hezekiah','Harrison'),
(393,'Danna','Hahn'),
(394,'Kenyon','Strong'),
(395,'Cruz','Novak'),
(396,'Atticus','Robertsson'),
(397,'Makhi','Pollard'),
(398,'Raina','Floyd'),
(399,'Kathleen','Robertson'),
(400,'Adyson','Sparks'),
(401,'Jayden','Newton'),
(402,'Humberto','Byrd'),
(403,'German','King'),
(404,'Jaiden','Haynes'),
(405,'Emmalee','Diaz'),
(406,'Brianna','Wiley'),
(407,'Justine','Ashley'),
(408,'Cara','Park'),
(409,'Yael','Moss'),
(410,'Madyson','Harrell'),
(411,'Cole','Hunt'),
(412,'Alyvia','Pugh'),
(413,'Violet','Weeks'),
(414,'Jaylin','Kline'),
(415,'Gustavo','Mayo'),
(416,'Leonardo','Whitaker'),
(417,'Jalen','Wood'),
(418,'Aiyana','Vance'),
(419,'Gia','Stewart'),
(420,'Luke','Haas'),
(421,'Deven','Pham'),
(422,'Ashley','Gould'),
(423,'Patrick','Benson'),
(424,'Elaine','Dickson'),
(425,'Baron','Meyer'),
(426,'Riya','Ashley'),
(427,'Madilynn','Huynh'),
(428,'Angelo','Mitchell'),
(429,'Aydin','Silva'),
(430,'Malik','Haynes'),
(431,'Kody','Schneider'),
(432,'Dominique','Wolfe'),
(433,'Frankie','Smith'),
(434,'Urijah','Shelton'),
(435,'Julissa','Prince'),
(436,'Jesus','Watkins'),
(437,'Lea','Boone'),
(438,'Rowan','Morgan'),
(439,'Jaquan','Hancock'),
(440,'Ashton','Arroyo'),
(441,'Bailee','Phelps'),
(442,'Perla','Howard'),
(443,'Derrick','Rosario'),
(444,'Abdullah','Mcpherson'),
(445,'Donte','Rush'),
(446,'Cason','Guzman'),
(447,'Alexzander','Cooke'),
(448,'Jacey','David'),
(449,'Raelynn','Hicks'),
(450,'Katherine','Brewer'),
(451,'Eugene','Cowan'),
(452,'Patricia','Burton'),
(453,'Larry','Cantu'),
(454,'Nikolai','Mcintyre'),
(455,'Dana','Crawford'),
(456,'Mariana','Rowe'),
(457,'Lane','Bryan'),
(458,'Kirsten','Kane'),
(459,'Santino','Jackson'),
(460,'Quinn','Hamilton'),
(461,'Carlos','Ward'),
(462,'Edward','Galloway'),
(463,'Hope','Horton'),
(464,'Charlee','Torres'),
(465,'Aubree','Parrish'),
(466,'Kassandra','Strong'),
(467,'Alyssa','Barnett'),
(468,'Kiana','Bridges'),
(469,'Nora','Oliver'),
(470,'Darren','Rice'),
(471,'Isaias','Wilcox'),
(472,'Isiah','Fisher'),
(473,'Bryan','Hardy'),
(474,'Laila','Gross'),
(475,'Devyn','Wise'),
(476,'Martin','Banks'),
(477,'Cloe','Carrillo'),
(478,'Jaiden','Yu'),
(479,'Jaxson','Glenn'),
(480,'Kianna','King'),
(481,'Roman','Sellers'),
(482,'Jaelynn','Hurley'),
(483,'Amira','Montoya'),
(484,'Marley','Herman'),
(485,'Lara','Rice'),
(486,'Lawson','Guerra'),
(487,'Logan','Galloway'),
(488,'Emilee','Joyce'),
(489,'Maxim','Fitzgerald'),
(490,'Payten','Zuniga'),
(491,'Kael','Glass'),
(492,'Sharon','Ortega'),
(493,'Aliyah','Kirby'),
(494,'Kallie','Salinas'),
(495,'Bo','Thompson'),
(496,'Ezra','Michael'),
(497,'Andrew','Tucker'),
(498,'Elise','Johnson'),
(499,'Johnathan','Blair'),
(500,'Conrad','Irwin'),
(501,'Dahlia','Glenn'),
(502,'Adelaide','Mcknight'),
(503,'Emerson','Tucker'),
(504,'Mylee','Holden'),
(505,'Reed','Lucero'),
(506,'Elaina','Haney'),
(507,'Tabitha','Snyder'),
(508,'Talan','Lee'),
(509,'Jennifer','Simmons'),
(510,'Marley','Mcconnell'),
(511,'Roy','Stafford'),
(512,'Anton','Bush'),
(513,'Melina','Hebert'),
(514,'Aydin','Navarro'),
(515,'Kai','Mcpherson'),
(516,'Cristofer','Cunningham'),
(517,'Shiloh','Meza'),
(518,'Erika','Coleman'),
(519,'Jordan','Kaufman'),
(520,'Destiney','Stanley'),
(521,'Nicholas','Deleon'),
(522,'Deandre','Wolfe'),
(523,'Tania','Mueller'),
(524,'Eva','Clark'),
(525,'Raul','Ashley'),
(526,'Jakob','Weaver'),
(527,'Catalina','Duffy'),
(528,'Michelle','Shepherd'),
(529,'Emmy','Francis'),
(530,'Mekhi','Sanchez'),
(531,'Kailey','Arroyo'),
(532,'Julian','Weiss'),
(533,'Jazmine','Wallace'),
(534,'Lailah','Johnson'),
(535,'Kenya','Ballard'),
(536,'Noelle','Nichols'),
(537,'Amare','Mercer'),
(538,'Catalina','Dominguez'),
(539,'Eduardo','Knapp'),
(540,'Elaina','Byrd'),
(541,'Alfred','Curtis'),
(542,'Jaylon','Lester'),
(543,'Janiyah','Villegas'),
(544,'Serena','Ford'),
(545,'Nora','Stein'),
(546,'Laura','Sosa'),
(547,'Arnav','Davila'),
(548,'Miles','Haney'),
(549,'Tucker','Alvarez'),
(550,'Jacqueline','Potter'),
(551,'Demetrius','Durham'),
(552,'Jerry','Fletcher'),
(553,'Jaida','Lozano'),
(554,'August','Mccullough'),
(555,'Kaelyn','Chaney'),
(556,'Annalise','Hodge'),
(557,'Miracle','Hampton'),
(558,'Esperanza','Mcbride'),
(559,'Cordell','Mcconnell'),
(560,'Elliott','Flowers'),
(561,'Reese','Davenport'),
(562,'Kylan','Bean'),
(563,'Phillip','Frye'),
(564,'Jaylan','Salazar'),
(565,'Evelyn','Burnett'),
(566,'Gustavo','Ayala'),
(567,'Cadence','Schultz'),
(568,'Dulce','Coleman'),
(569,'Trystan','Kane'),
(570,'Gael','Douglas'),
(571,'River','Noble'),
(572,'Donte','Frank'),
(573,'Allie','Fry'),
(574,'Jan','West'),
(575,'Jewel','Figueroa'),
(576,'Alexia','Li'),
(577,'Hayden','Wall'),
(578,'Chad','Richardson'),
(579,'Gilbert','Velez'),
(580,'Fisher','Hayden'),
(581,'Reed','Sutton'),
(582,'Tianna','Romero'),
(583,'Aubrey','Reilly'),
(584,'Eleanor','Ortega'),
(585,'Owen','Cline'),
(586,'Nylah','Rush'),
(587,'Miley','Mathews'),
(588,'Beau','Vaughan'),
(589,'Marcel','Clark'),
(590,'Dallas','Vaughn'),
(591,'Hugh','Arroyo'),
(592,'Urijah','Hendricks'),
(593,'Jolie','Harris'),
(594,'Krish','Mcguire'),
(595,'Frida','Stanley'),
(596,'Judith','Strickland'),
(597,'Marlie','Terry'),
(598,'Nigel','Dorsey'),
(599,'Areli','Booth'),
(600,'Cheyanne','Hardy'),
(601,'Taliyah','Farrell'),
(602,'Sarah','Berg'),
(603,'Macie','Huynh'),
(604,'Malaki','Sellers'),
(605,'Cedric','Matthews'),
(606,'Justine','Barr'),
(607,'Eden','Moran'),
(608,'Tobias','Davenport'),
(609,'Brendan','Ramirez'),
(610,'Skylar','Cochran'),
(611,'Ian','Wilkins'),
(612,'Craig','Cox'),
(613,'Sanaa','Mercer'),
(614,'Rodolfo','Knox'),
(615,'Leyla','Baker'),
(616,'Simone','Hernandez'),
(617,'Jace','Richards'),
(618,'Ashley','Barnett'),
(619,'Rylan','Romero'),
(620,'Baron','Arroyo'),
(621,'Mayra','Short'),
(622,'Donovan','Mccullough'),
(623,'Amaris','Salas'),
(624,'Charlize','Roberts'),
(625,'Mckayla','Hanson'),
(626,'Leo','Church'),
(627,'Carina','Wood'),
(628,'Marisa','Delgado'),
(629,'Gabriella','Pham'),
(630,'Grayson','Colon'),
(631,'Isiah','Miranda'),
(632,'Akira','Robbins'),
(633,'Jaeden','Wong'),
(634,'Janet','Mcmahon'),
(635,'Alena','Livingston'),
(636,'Everett','Braun'),
(637,'Isaac','Cordova'),
(638,'Trace','Pineda'),
(639,'Bryson','Dalton'),
(640,'Aditya','Good'),
(641,'Clare','Poole'),
(642,'Jacob','Dickerson'),
(643,'Alexis','Zavala'),
(644,'Santino','Powers'),
(645,'Maurice','Huff'),
(646,'Anna','Herrera'),
(647,'Landin','Herring'),
(648,'Casey','Livingston'),
(649,'Paul','Sampson'),
(650,'Jakayla','Alvarado'),
(651,'Ellie','Moody'),
(652,'Makaila','Stanley'),
(653,'Chace','Schmidt'),
(654,'Danielle','Dennis'),
(655,'Hadassah','Pennington'),
(656,'Deacon','Tanner'),
(657,'Hunter','Ramirez'),
(658,'Belen','Keith'),
(659,'Hector','Hines'),
(660,'Marianna','Chaney'),
(661,'Isiah','Barry'),
(662,'Karma','Zavala'),
(663,'Coleman','Rosario'),
(664,'Cash','Morgan'),
(665,'Eliana','Burgess'),
(666,'Courtney','Hunter'),
(667,'Jaelynn','Hardin'),
(668,'Kobe','Levy'),
(669,'Anne','Byrd'),
(670,'Malcolm','Coleman'),
(671,'Kierra','Cisneros'),
(672,'Charlie','Huff'),
(673,'Leon','Dominguez'),
(674,'Nikolai','Sosa'),
(675,'Braiden','Strong'),
(676,'Felipe','Mcclain'),
(677,'Mckenna','Werner'),
(678,'Carissa','Barry'),
(679,'Trystan','Jensen'),
(680,'Dante','Little'),
(681,'Jaeden','Jones'),
(682,'Kailee','Chase'),
(683,'Ximena','Wood'),
(684,'Nadia','Douglas'),
(685,'Reagan','Ibarra'),
(686,'Rigoberto','Guerra'),
(687,'Miriam','Hayes'),
(688,'Sage','Camacho'),
(689,'Adalynn','Bowers'),
(690,'Jerome','Heath'),
(691,'Heaven','Carr'),
(692,'Vaughn','Robertson'),
(693,'Maverick','Moore'),
(694,'Jensen','Simpson'),
(695,'Madden','Huang'),
(696,'Khloe','Moore'),
(697,'Jack','Schaefer'),
(698,'Karley','Gay'),
(699,'Savion','Compton'),
(700,'Braden','Fuller'),
(701,'Memphis','Carroll'),
(702,'Daniella','Mathews'),
(703,'Semaj','Harrington'),
(704,'Giselle','Hendrix'),
(705,'Marisa','Kirk'),
(706,'Valery','Sullivan'),
(707,'Elena','Preston'),
(708,'Trystan','Reeves'),
(709,'Mayra','Frazier'),
(710,'Carlee','Blackburn'),
(711,'Stephany','Walton'),
(712,'Aaliyah','Hendrix'),
(713,'Gaige','Potter'),
(714,'Julio','Fowler'),
(715,'Alyvia','Kline'),
(716,'Lamar','Goodwin'),
(717,'Kyan','Mullins'),
(718,'Rohan','Lopez'),
(719,'Lily','Reynolds'),
(720,'Tate','Gates'),
(721,'Gabrielle','Horn'),
(722,'Azul','Sims'),
(723,'Annika','Fitzgerald'),
(724,'Odin','Clements'),
(725,'Louis','Orozco'),
(726,'Emilia','Robinson'),
(727,'Abigayle','Mclean'),
(728,'Selena','Griffin'),
(729,'Pierre','Stevens'),
(730,'Jake','Suarez'),
(731,'Preston','Willis'),
(732,'Iliana','Schaefer'),
(733,'Josie','West'),
(734,'Justice','Torres'),
(735,'Damaris','Gibbs'),
(736,'Taylor','Ayala'),
(737,'Andy','Hopkins'),
(738,'Brenton','Hays'),
(739,'Maximilian','Ward'),
(740,'Ismael','Randolph'),
(741,'Cheyanne','Shepherd'),
(742,'Hunter','Dougherty'),
(743,'Demarcus','Cuevas'),
(744,'Davin','Frazier'),
(745,'Willie','Skinner'),
(746,'Gerald','Gomez'),
(747,'Kaylie','Santana'),
(748,'Julissa','Yang'),
(749,'Chloe','Villa'),
(750,'Evelin','Mosley'),
(751,'Lincoln','Delgado'),
(752,'Ryder','Ellis'),
(753,'Erin','Sellers'),
(754,'Maddox','Gill'),
(755,'Ayden','Scott'),
(756,'Damaris','Oneill'),
(757,'Cailyn','Guerra'),
(758,'Lillian','Richardson'),
(759,'Aliyah','Fischer'),
(760,'Payton','Davidson'),
(761,'Matias','Henry'),
(762,'Jorge','Hardy'),
(763,'Corey','Frederick'),
(764,'Fiona','Pitts'),
(765,'Charlie','Harrell'),
(766,'Nathalia','Pacheco'),
(767,'Zane','Duffy'),
(768,'Brooks','Randall'),
(769,'Nikolai','Cooke'),
(770,'Chaz','Pittman'),
(771,'Timothy','Cain'),
(772,'Charlotte','Stafford'),
(773,'Amina','Wilkinson'),
(774,'Cullen','Walls'),
(775,'Aldo','Costa'),
(776,'Alex','Barry'),
(777,'Eliana','Booth'),
(778,'Boston','Everett'),
(779,'Douglas','Wu'),
(780,'Ella','Paul'),
(781,'Pranav','Mcmillan'),
(782,'Kobe','Orr'),
(783,'Kendal','Hobbs'),
(784,'Claire','Barton'),
(785,'Saige','Serrano'),
(786,'Milo','Rojas'),
(787,'Anthony','Haley'),
(788,'Kimberly','Middleton'),
(789,'Tristian','Maxwell'),
(790,'Reid','Blevins'),
(791,'Trent','Kirby'),
(792,'Alma','Ochoa'),
(793,'Bentley','Barrera'),
(794,'Jaydin','Werner'),
(795,'Dominik','Higgins'),
(796,'Abagail','Wiggins'),
(797,'Grayson','Bartlett'),
(798,'Sadie','Mckinney'),
(799,'Hamza','George'),
(800,'Chad','Mcdonald'),
(801,'Quinn','Raymond'),
(802,'Desirae','Bridges'),
(803,'Michaela','Andersen'),
(804,'Edward','Lamb'),
(805,'Kolby','Maldonado'),
(806,'Kaelyn','Mueller'),
(807,'Muhammad','Eaton'),
(808,'Lyric','Turner'),
(809,'Zaniyah','Freeman'),
(810,'Tanner','Stanton'),
(811,'Jaylah','Mcintosh'),
(812,'Dayton','Farrell'),
(813,'Carmen','Thomas'),
(814,'Alisson','Owens'),
(815,'Jeffrey','Galvan'),
(816,'Aria','Pennington'),
(817,'Silas','Beard'),
(818,'Lea','Jenkins'),
(819,'Abdullah','Haley'),
(820,'Nia','Underwood'),
(821,'Kaylah','Parsons'),
(822,'Lucia','Sosa'),
(823,'Francis','Mcknight'),
(824,'Clayton','Vaughn'),
(825,'Leila','Joseph'),
(826,'Gianna','Cisneros'),
(827,'Andres','Parsons'),
(828,'Justin','Kaiser'),
(829,'Salvatore','Cummings'),
(830,'Campbell','Woods'),
(831,'Kayley','Burgess'),
(832,'Emilie','Bauer'),
(833,'Cullen','Chapman'),
(834,'Ruby','Ray'),
(835,'Larissa','Osborne'),
(836,'Jenna','Salas'),
(837,'Donald','Warner'),
(838,'Ashly','Foster'),
(839,'Kash','Mitchell'),
(840,'Lauren','Shaffer'),
(841,'Sawyer','Barr'),
(842,'Kenley','Vaughn'),
(843,'Averie','Cherry'),
(844,'Megan','Newton'),
(845,'Ariella','Farrell'),
(846,'Christina','Simmons'),
(847,'Selah','Farmer'),
(848,'Adalynn','Greene'),
(849,'Aedan','Bean'),
(850,'Aiden','Welch'),
(851,'Caroline','Mccall'),
(852,'Margaret','Daniel'),
(853,'Aspen','Davis'),
(854,'Tristian','Lin'),
(855,'Andre','Calderon'),
(856,'Ashly','Jensen'),
(857,'Anna','Strickland'),
(858,'Tyshawn','Mcbride'),
(859,'Kylee','Gallagher'),
(860,'Nathanial','Kline'),
(861,'Leyla','Wagner'),
(862,'Nikhil','Crane'),
(863,'Xiomara','Orr'),
(864,'Helen','Russo'),
(865,'Patience','Wise'),
(866,'Ramon','Rose'),
(867,'Ty','Gamble'),
(868,'Emely','Nguyen'),
(869,'Donna','Ferrell'),
(870,'Kolby','Solis'),
(871,'Ashlyn','Conway'),
(872,'Alexander','Hubbard'),
(873,'Brylee','Best'),
(874,'Lainey','Hester'),
(875,'River','Diaz'),
(876,'Angela','Singh'),
(877,'Kallie','Lynch'),
(878,'Lily','Morales'),
(879,'Donna','Shepard'),
(880,'Jazmyn','White'),
(881,'Elaine','Rowland'),
(882,'Sabrina','Mann'),
(883,'Emma','Weiss'),
(884,'Dawson','Bishop'),
(885,'Branden','Anderson'),
(886,'Darwin','Chandler'),
(887,'Myah','Koch'),
(888,'Cheyanne','Duran'),
(889,'Zaniyah','Nguyen'),
(890,'Conor','Ayers'),
(891,'Nickolas','Welch'),
(892,'Aliyah','Francis'),
(893,'Jamya','Dixon'),
(894,'Isis','Rivers'),
(895,'Hadassah','Macdonald'),
(896,'Hazel','Parsons'),
(897,'Lorena','Lewis'),
(898,'Meredith','Khan'),
(899,'Damion','Dawson'),
(900,'Ruth','Abbott'),
(901,'Shiloh','Combs'),
(902,'Greta','Schmitt'),
(903,'Gerald','Hayden'),
(904,'Willie','Gallagher'),
(905,'Draven','Hess'),
(906,'Hayden','Roach'),
(907,'Alejandro','Alvarez'),
(908,'Karley','Solomon'),
(909,'Sasha','Roach'),
(910,'Shea','Robertson'),
(911,'Fiona','Moran'),
(912,'Adriana','Nicholson'),
(913,'Clarissa','Paul'),
(914,'Anne','Hubbard'),
(915,'Jaliyah','Reynolds'),
(916,'Areli','Bentley'),
(917,'Ashtyn','Newton'),
(918,'America','Caldwell'),
(919,'Payton','Best'),
(920,'Johan','Potts'),
(921,'Amani','Morrow'),
(922,'Ariana','Howard'),
(923,'Hudson','Good'),
(924,'Autumn','Molina'),
(925,'Brogan','Walker'),
(926,'Alessandra','Rivers'),
(927,'Nikolas','Bonilla'),
(928,'Jaydin','Cervantes'),
(929,'Luciana','Flowers'),
(930,'Jovanni','Little'),
(931,'Selena','Hunt'),
(932,'Maxim','French'),
(933,'Conrad','Ryan'),
(934,'Josie','Oneill'),
(935,'Marquis','Key'),
(936,'Luna','Roberson'),
(937,'Bronson','Hunt'),
(938,'Georgia','Rasmussen'),
(939,'Bryson','French'),
(940,'Brenda','Manning'),
(941,'Shea','Porter'),
(942,'Sydney','Hatfield'),
(943,'Celeste','Hendrix'),
(944,'Lainey','Benton'),
(945,'Slade','Bridges'),
(946,'Jordan','Farmer'),
(947,'Shaniya','Castro'),
(948,'Ryder','Mckee'),
(949,'Nathan','Mayer'),
(950,'Dallas','Parks'),
(951,'Mckayla','Riddle'),
(952,'Harley','Barber'),
(953,'Sarah','Bray'),
(954,'Meadow','Willis'),
(955,'Kayden','Fuller'),
(956,'Jace','Nichols'),
(957,'Paula','Mcpherson'),
(958,'Aliza','Morrow'),
(959,'Dominic','Mayo'),
(960,'Paola','Rogers'),
(961,'Kayla','David'),
(962,'Ignacio','Vance'),
(963,'Leon','Miranda'),
(964,'Oscar','Gomez'),
(965,'Mohammad','Valencia'),
(966,'Autumn','Haynes'),
(967,'Sidney','Vasquez'),
(968,'Eleanor','Lawson'),
(969,'Koen','Vang'),
(970,'Broderick','Weiss'),
(971,'Daniela','Gillespie'),
(972,'Anna','Marsh'),
(973,'Miriam','Perez'),
(974,'Ari','Roman'),
(975,'Yurem','Saunders'),
(976,'Bennett','Parrish'),
(977,'Trey','Randall'),
(978,'Jazmin','Wolfe'),
(979,'Ryan','Sandoval'),
(980,'Elizabeth','Lynn'),
(981,'Myles','Pineda'),
(982,'Laura','Fleming'),
(983,'Sasha','Duran'),
(984,'Reagan','Carney'),
(985,'Sage','Randall'),
(986,'Desmond','Gillespie'),
(987,'Jabari','Blake'),
(988,'Virginia','Williamson'),
(989,'Aldo','Merritt'),
(990,'Julien','Joseph'),
(991,'Elsie','Aguirre'),
(992,'Julia','Crane'),
(993,'Luciano','Lowery'),
(994,'Madyson','Kerr'),
(995,'Jade','Franco'),
(996,'Konner','Hubbard'),
(997,'Nora','Russell'),
(998,'George','Compton'),
(999,'Adeline','Lee'),
(1000,'Kaliyah','Bailey')


------------ACTOR/FILM INFOS-------------

INSERT INTO `country` (`country_id`, `country`) VALUES
(34, 'France'),
(38, 'Germany'),
(39, 'Greece'),
(49, 'Italy'),
(87, 'Spain'),
(102, 'United Kingdom');

INSERT INTO `city` (`city_id`, `city`, `country_id`) VALUES
(92, 'Brest', 34),
(297, 'Le Mans', 34),
(543, 'Toulon', 34),
(544, 'Toulouse', 34),
(148, 'Duisburg', 38),
(160, 'Erlangen', 38),
(198, 'Halle/Saale', 38),
(325, 'Mannheim', 38),
(439, 'Saarbrcken', 38),
(477, 'Siegen', 38),
(575, 'Witten', 38),
(38, 'Athens', 39),
(401, 'Patras', 39),
(17, 'Alessandria', 49),
(70, 'Bergamo', 49),
(91, 'Brescia', 49),
(93, 'Brindisi', 49),
(309, 'Livorno', 49),
(511, 'Syrakusa', 49),
(551, 'Udine', 49),
(1, 'A Corua (La Corua)', 87),
(146, 'Donostia-San Sebastin', 87),
(181, 'Gijn', 87),
(388, 'Ourense (Orense)', 87),
(459, 'Santiago de Compostela', 87),
(88, 'Bradford', 102),
(149, 'Dundee', 102),
(312, 'London', 102),
(494, 'Southampton', 102),
(495, 'Southend-on-Sea', 102),
(496, 'Southport', 102),
(500, 'Stockport', 102),
(589, 'York', 102);


INSERT INTO `address` (`address_id`, `address`, `district`, `city_id`, `postal_code`, `phone`) VALUES
(407, '1346 Mysore Drive', 'Bretagne', 92, '61507', '516647474029'),
(166, '1740 Le Mans Loop',  'Pays de la Loire', 297, '22853', '168476538960'),
(108, '1386 Yangor Avenue', 'Provence-Alpes-Cte', 543, '80720', '449216226468'),
(39, '391 Callao Drive', 'Midi-Pyrnes', 544, '34021', '440512153169'),
(118, '442 Rae Bareli Place', 'Nordrhein-Westfalen', 148, '24321', '886636413768'),
(453, '319 Springs Loop', 'Baijeri', 160, '99552', '72524459905'),
(255, '1966 Tonghae Street', 'Anhalt Sachsen', 198, '36481', '567359279425'),
(200, '1074 Binzhou Manor', 'Baden-Wrttemberg', 325, '36490', '331132568928'),
(231, '430 Alessandria Loop',  'Saarland', 439, '47446', '669828224459'),
(199, '1792 Valle de la Pascua Place',  'Nordrhein-Westfalen', 477, '15540', '419419591240'),
(205, '68 Molodetno Manor',  'Nordrhein-Westfalen', 575, '4662', '146640639760'),
(7, '692 Joliet Street',  'Attika', 38, '83579', '448477190408'),
(602, '1101 Bucuresti Boulevard',  'West Greece', 401, '97661', '199514580428'),
(37, '127 Purnea (Purnia) Manor',  'Piemonte', 17, '79388', '911872220378'),
(444, '231 Kaliningrad Place',  'Lombardia', 70, '57833', '575081026569'),
(314, '1224 Huejutla de Reyes Boulevard',  'Lombardia', 91, '70923', '806016930576'),
(504, '1 Valle de Santiago Avenue', 'Apulia', 93, '86208', '465897838272'),
(547, '379 Lublin Parkway',  'Toscana', 309, '74568', '921960450089'),
(225, '1926 Gingoog Street',  'Sisilia', 511, '22824', '469738825391'),
(531, '1986 Sivas Place',  'Friuli-Venezia Giuli', 551, '95775', '182059202712'),
(56, '939 Probolinggo Loop',  'Galicia', 1, '4166', '680428310138'),
(298, '44 Najafabad Way',  'Baskimaa', 146, '61391', '96604821070'),
(399, '331 Bydgoszcz Parkway',  'Asturia', 181, '966', '537374465982'),
(474, '1469 Plock Lane',  'Galicia', 388, '95835', '622884741180'),
(555, '1764 Jalib al-Shuyukh Parkway',  'Galicia', 459, '77642', '84794532510'),
(89, '1557 Ktahya Boulevard',  'England', 88, '88002', '720998247660'),
(146, '483 Ljubertsy Parkway',  'Scotland', 149, '60562', '581174211853'),
(256, '1497 Yuzhou Drive',  'England', 312, '3433', '246810237916'),
(517, '548 Uruapan Street',  'Ontario', 312, '35653', '879347453467'),
(589, '1584 Ljubertsy Lane',  'England', 494, '22954', '285710089439'),
(20, '360 Toulouse Parkway',  'England', 495, '54308', '949312333307'),
(562, '869 Shikarpur Way',  'England', 496, '57380', '590764256785'),
(482, '808 Naala-Porto Parkway',  'England', 500, '41060', '553452430707'),
(502, '1515 Korla Way', 'England', 589, '57197', '959467760895');

INSERT INTO `language` (language_id, name) VALUES 
(1, 'English'),
(2, 'Italian'),
(3, 'French'),
(4, 'German');


---------------CATEGORIES--------------

INSERT INTO `category` (`category_id`, `name`) VALUES
(1, 'Action'),
(2, 'Animation'),
(3, 'Children'),
(4, 'Classics'),
(5, 'Comedy'),
(6, 'Documentary'),
(7, 'Drama'),
(8, 'Family'),
(9, 'Foreign'),
(10, 'Games'),
(11, 'Horror'),
(12, 'Music'),
(13, 'New'),
(14, 'Sci-Fi'),
(15, 'Sports'),
(16, 'Travel');

INSERT INTO `film_category` (`film_id`, `category_id`) VALUES
(23, 2),
(29, 1),
(30, 11),
(42, 15),
(56, 1),
(60, 4),
(67, 1),
(140, 14),
(164, 6),
(179, 7),
(193, 2),
(200, 10),
(202, 5),
(218, 7),
(225, 7),
(236, 10),
(249, 4),
(251, 13),
(255, 12),
(263, 15),
(286, 16),
(288, 16),
(292, 1),
(329, 1),
(341, 4),
(361, 15),
(366, 7),
(379, 7),
(383, 15),
(398, 12),
(434, 16),
(438, 10),
(441, 6),
(506, 11),
(514, 7),
(517, 15),
(519, 15),
(539, 7),
(540, 12),
(554, 4),
(555, 5),
(618, 7),
(633, 4),
(637, 14),
(665, 11),
(691, 15),
(692, 2),
(703, 2),
(730, 13),
(732, 1),
(758, 7),
(770, 9),
(771, 7),
(782, 15),
(806, 13),
(826, 16),
(846, 13),
(859, 2),
(865, 2),
(900, 9),
(901, 2),
(902, 15),
(914,2),
(924, 14),
(936, 12),
(957, 9),
(964, 1),
(970, 4);

INSERT INTO `serie_category` (`serie_id`, `category_id`) VALUES
(103, 1),
(301, 7),
(150, 14),
(50, 7),
(100, 14),
(20, 4),
(23, 6),
(45, 14),
(15, 2);


------------------USERS---------------

INSERT INTO `customer` (`customer_id`, `first_name`, `last_name`, `email`, `address_id`, `active`, `create_date`, `choice`) VALUES
(402, 'LUIS', 'YANEZ', 'LUIS.YANEZ@sakilacustomer.org', 407, 1, '2006-02-14 22:04:37', 'F'),
(162, 'LAUREN', 'HUDSON', 'LAUREN.HUDSON@sakilacustomer.org', 166, 1, '2006-02-14 22:04:36', 'F'),
(104, 'RITA', 'GRAHAM', 'RITA.GRAHAM@sakilacustomer.org', 108, 1, '2006-02-14 22:04:36', 'FS'),
(35, 'VIRGINIA', 'GREEN', 'VIRGINIA.GREEN@sakilacustomer.org', 39, 1, '2006-02-14 22:04:36', 'FS'),
(114, 'GRACE', 'ELLIS', 'GRACE.ELLIS@sakilacustomer.org', 118, 1, '2006-02-14 22:04:36', 'F'),
(448, 'MIGUEL', 'BETANCOURT', 'MIGUEL.BETANCOURT@sakilacustomer.org', 453, 1, '2006-02-14 22:04:37','F'),
(251, 'VICKIE', 'BREWER', 'VICKIE.BREWER@sakilacustomer.org', 255, 1, '2006-02-14 22:04:36', 'F'),
(196, 'ALMA', 'AUSTIN', 'ALMA.AUSTIN@sakilacustomer.org', 200, 1, '2006-02-14 22:04:36', 'F'),
(227, 'COLLEEN', 'BURTON', 'COLLEEN.BURTON@sakilacustomer.org', 231, 1, '2006-02-14 22:04:36', 'F'),
(195, 'VANESSA', 'SIMS', 'VANESSA.SIMS@sakilacustomer.org', 199, 1, '2006-02-14 22:04:36', 'F'),
(201, 'VICKI', 'FIELDS', 'VICKI.FIELDS@sakilacustomer.org', 205, 1, '2006-02-14 22:04:36', 'F'),
(3, 'LINDA', 'WILLIAMS', 'LINDA.WILLIAMS@sakilacustomer.org', 7, 1, '2006-02-14 22:04:36', NULL),
(596, 'ENRIQUE', 'FORSYTHE', 'ENRIQUE.FORSYTHE@sakilacustomer.org', 602, 1, '2006-02-14 22:04:37', 'FS'),
(33, 'ANNA', 'HILL', 'ANNA.HILL@sakilacustomer.org', 37, 1, '2006-02-14 22:04:36', 'F'),
(439, 'ALEXANDER', 'FENNELL', 'ALEXANDER.FENNELL@sakilacustomer.org', 444, 1, '2006-02-14 22:04:37', 'F'),
(309, 'CHRISTOPHER', 'GRECO', 'CHRISTOPHER.GRECO@sakilacustomer.org', 314, 1, '2006-02-14 22:04:37', 'FS'),
(499, 'MARC', 'OUTLAW', 'MARC.OUTLAW@sakilacustomer.org', 504, 1, '2006-02-14 22:04:37', 'F'),
(541, 'DARREN', 'WINDHAM', 'DARREN.WINDHAM@sakilacustomer.org', 547, 1, '2006-02-14 22:04:37','S'),
(221, 'BESSIE', 'MORRISON', 'BESSIE.MORRISON@sakilacustomer.org', 225, 1, '2006-02-14 22:04:36','F'),
(525, 'ADRIAN', 'CLARY', 'ADRIAN.CLARY@sakilacustomer.org', 531, 1, '2006-02-14 22:04:37', 'F'),
(52, 'JULIE', 'SANCHEZ', 'JULIE.SANCHEZ@sakilacustomer.org', 56, 1, '2006-02-14 22:04:36', 'FS'),
(293, 'MAE', 'FLETCHER', 'MAE.FLETCHER@sakilacustomer.org', 298, 1, '2006-02-14 22:04:37', 'FS'),
(394, 'CHRIS', 'BROTHERS', 'CHRIS.BROTHERS@sakilacustomer.org', 399, 1, '2006-02-14 22:04:37', 'F'),
(469, 'WESLEY', 'BULL', 'WESLEY.BULL@sakilacustomer.org', 474, 1, '2006-02-14 22:04:37', 'FS'),
(549, 'NELSON', 'CHRISTENSON', 'NELSON.CHRISTENSON@sakilacustomer.org', 555, 1, '2006-02-14 22:04:37', 'FS'),
(85, 'ANNE', 'POWELL', 'ANNE.POWELL@sakilacustomer.org', 89, 1, '2006-02-14 22:04:36', 'S'),
(142, 'APRIL', 'BURNS', 'APRIL.BURNS@sakilacustomer.org', 146, 1, '2006-02-14 22:04:36', 'FS'),
(252, 'MATTIE', 'HOFFMAN', 'MATTIE.HOFFMAN@sakilacustomer.org', 256, 1, '2006-02-14 22:04:36', 'F'),
(512, 'CECIL', 'VINES', 'CECIL.VINES@sakilacustomer.org', 517, 1, '2006-02-14 22:04:37', 'F'),
(583, 'MARSHALL', 'THORN', 'MARSHALL.THORN@sakilacustomer.org', 589, 1, '2006-02-14 22:04:37', 'FS'),
(16, 'SANDRA', 'MARTIN', 'SANDRA.MARTIN@sakilacustomer.org', 20, 0, '2006-02-14 22:04:36', 'FS'),
(556, 'ARMANDO', 'GRUBER', 'ARMANDO.GRUBER@sakilacustomer.org', 562, 1, '2006-02-14 22:04:37', 'FS'),
(477, 'DAN', 'PAINE', 'DAN.PAINE@sakilacustomer.org', 482, 1, '2006-02-14 22:04:37', 'FS'),
(497, 'GILBERT', 'SLEDGE', 'GILBERT.SLEDGE@sakilacustomer.org', 502, 1, '2006-02-14 22:04:37', 'F');


------------FILMS/SERIES-----------------

INSERT INTO `film` (`film_id`, `title`, `description`, `release_year`, `language_id`, `length`, `rating`, `special_features`) VALUES
(826, 'SPEED SUIT', 'A Brilliant Display of a Frisbee And a Mad Scientist who must Succumb a Robot in Ancient China', 2006, 1, 124, 'PG-13', 'Commentaries,Behind the Scenes'),
(758, 'SAINTS BRIDE', 'A Fateful Tale of a Technical Writer And a Composer who must Pursue a Explorer in The Gulf of Mexico', 2006, 2, 125, 'G', 'Deleted Scenes'),
(539, 'LUCK OPUS', 'A Boring Display of a Moose And a Squirrel who must Outrace a Teacher in A Shark Tank', 2006, 1, 152, 'NC-17', 'Trailers,Commentaries,Behind the Scenes'),
(691, 'POSEIDON FOREVER', 'A Thoughtful Epistle of a Womanizer And a Monkey who must Vanquish a Dentist in A Monastery', 2006, 4, 159, 'PG-13', 'Commentaries'),
(730, 'RIDGEMONT SUBMARINE', 'A Unbelieveable Drama of a Waitress And a Composer who must Sink a Mad Cow in Ancient Japan', 2006, 1, 46, 'PG-13', 'Commentaries,Deleted Scenes,Behind the Scenes'),
(924, 'UNFORGIVEN ZOOLANDER', 'A Taut Epistle of a Monkey And a Sumo Wrestler who must Vanquish a A Shark in A Baloon Factory', 2006, 1, 129, 'PG', 'Trailers,Commentaries,Behind the Scenes'),
(957, 'WAR NOTTING', 'A Boring Drama of a Teacher And a Sumo Wrestler who must Challenge a Secret Agent in The Canadian Rockies', 2006, 1, 80, 'G', 'Deleted Scenes,Behind the Scenes'),
(56, 'BAREFOOT MANCHURIAN', 'A Intrepid Story of a Cat And a Student who must Vanquish a Girl in An Abandoned Amusement Park', 2006, 1, 129, 'G', 'Trailers,Commentaries'),
(859, 'SUGAR WONKA', 'A Touching Story of a Dentist And a Database Administrator who must Conquer a Astronaut in An Abandoned Amusement Park', 2006, 1, 114, 'PG', 'Trailers,Commentaries,Behind the Scenes'),
(914, 'TROUBLE DATE', 'A Lacklusture Panorama of a Forensic Psychologist And a Woman who must Kill a Explorer in Ancient Japan', 2006, 1, 61, 'PG', 'Trailers,Commentaries,Behind the Scenes'),
(514, 'LEBOWSKI SOLDIERS', 'A Beautiful Epistle of a Secret Agent And a Pioneer who must Chase a Astronaut in Ancient China', 2006, 1, 69, 'PG-13', 'Commentaries,Deleted Scenes'),
(292, 'EXCITEMENT EVE', 'A Brilliant Documentary of a Monkey And a Car who must Conquer a Crocodile in A Shark Tank', 2006, 1, 51, 'G', 'Commentaries'),
(618, 'NECKLACE OUTBREAK', 'A Astounding Epistle of a Database Administrator And a Mad Scientist who must Pursue a Cat in California', 2006, 4, 132, 'PG', 'Trailers,Commentaries,Behind the Scenes'),
(970, 'WESTWARD SEABISCUIT', 'A Lacklusture Tale of a Butler And a Husband who must Face a Boy in Ancient China', 2006, 1, 52, 'NC-17', 'Commentaries,Deleted Scenes'),
(202, 'DADDY PITTSBURGH', 'A Epic Story of a A Shark And a Student who must Confront a Explorer in The Gulf of Mexico', 2006, 1, 161, 'G', 'Deleted Scenes,Behind the Scenes'),
(441, 'HUNTER ALTER', 'A Emotional Drama of a Mad Cow And a Boat who must Redeem a Secret Agent in A Shark Tank', 2006, 1, 125, 'PG-13', 'Commentaries,Deleted Scenes,Behind the Scenes'),
(782, 'SHAKESPEARE SADDLE', 'A Fast-Paced Panorama of a Lumberjack And a Database Administrator who must Defeat a Madman in A MySQL Convention', 2006, 1, 60, 'PG-13', 'Commentaries,Behind the Scenes'),
(286, 'ENOUGH RAGING', 'A Astounding Character Study of a Boat And a Secret Agent who must Find a Mad Cow in The Sahara Desert', 2006, 1, 158, 'NC-17', 'Commentaries'),
(42, 'ARTIST COLDBLOODED', 'A Stunning Reflection of a Robot And a Moose who must Challenge a Woman in California', 2006, 1, 170, 'NC-17', 'Trailers,Behind the Scenes'),
(193, 'CROSSROADS CASUALTIES', 'A Intrepid Documentary of a Sumo Wrestler And a Astronaut who must Battle a Composer in The Outback', 2006, 2, 153, 'G', 'Trailers,Commentaries,Behind the Scenes'),
(251, 'DRAGONFLY STRANGERS', 'A Boring Documentary of a Pioneer And a Man who must Vanquish a Man in Nigeria', 2006, 1, 133, 'NC-17', 'Trailers,Behind the Scenes'),
(60, 'BEAST HUNCHBACK', 'A Awe-Inspiring Epistle of a Student And a Squirrel who must Defeat a Boy in Ancient China', 2006, 1, 89, 'R', 'Deleted Scenes,Behind the Scenes'),
(665, 'PATTON INTERVIEW', 'A Thrilling Documentary of a Composer And a Secret Agent who must Succumb a Cat in Berlin', 2006, 1, 175, 'PG', 'Commentaries'),
(29, 'ANTITRUST TOMATOES', 'A Fateful Yarn of a Womanizer And a Feminist who must Succumb a Database Administrator in Ancient India', 2006, 3, 168, 'NC-17', 'Trailers,Commentaries,Deleted Scenes'),
(361, 'GLEAMING JAWBREAKER', 'A Amazing Display of a Composer And a Forensic Psychologist who must Discover a Car in The Canadian Rockies', 2006, 1, 89, 'NC-17', 'Trailers,Commentaries'),
(846, 'STING PERSONAL', 'A Fanciful Drama of a Frisbee And a Dog who must Fight a Madman in A Jet Boat', 2006, 1, 93, 'NC-17', 'Commentaries,Deleted Scenes,Behind the Scenes'),
(225, 'DESTINATION JERK', 'A Beautiful Yarn of a Teacher And a Cat who must Build a Car in A U-Boat', 2006, 1, 76, 'PG-13', 'Trailers,Commentaries,Behind the Scenes'),
(341, 'FROST HEAD', 'A Amazing Reflection of a Lumberjack And a Cat who must Discover a Husband in A MySQL Convention', 2006, 1, 82, 'PG', 'Trailers,Deleted Scenes'),
(288, 'ESCAPE METROPOLIS', 'A Taut Yarn of a Astronaut And a Technical Writer who must Outgun a Boat in New Orleans', 2006, 1, 167, 'R', 'Trailers'),
(398, 'HANOVER GALAXY', 'A Stunning Reflection of a Girl And a Secret Agent who must Succumb a Boy in A MySQL Convention', 2006, 1, 47, 'NC-17', 'Commentaries,Deleted Scenes,Behind the Scenes'),
(865, 'SUNRISE LEAGUE', 'A Beautiful Epistle of a Madman And a Butler who must Face a Crocodile in A Manhattan Penthouse', 2006, 3, 135, 'PG-13', 'Behind the Scenes'),
(554, 'MALKOVICH PET', 'A Intrepid Reflection of a Waitress And a A Shark who must Kill a Squirrel in The Outback', 2006, 1, 159, 'G', 'Behind the Scenes'),
(179, 'CONQUERER NUTS', 'A Taut Drama of a Mad Scientist And a Man who must Escape a Pioneer in An Abandoned Mine Shaft', 2006, 1, 173, 'G', 'Commentaries,Deleted Scenes,Behind the Scenes'),
(30, 'ANYTHING SAVANNAH', 'A Epic Story of a Pastry Chef And a Woman who must Chase a Feminist in An Abandoned Fun House', 2006, 1, 82, 'R', 'Trailers,Deleted Scenes,Behind the Scenes'),
(900, 'TOWN ARK', 'A Awe-Inspiring Documentary of a Moose And a Madman who must Meet a Dog in An Abandoned Mine Shaft', 2006, 1, 136, 'R', 'Behind the Scenes'),
(936, 'VANISHING ROCKY', 'A Brilliant Reflection of a Man And a Woman who must Conquer a Pioneer in A MySQL Convention', 2006, 1, 123, 'NC-17', 'Trailers,Commentaries,Behind the Scenes'),
(902, 'TRADING PINOCCHIO', 'A Emotional Character Study of a Student And a Explorer who must Discover a Frisbee in The First Manned Space Station', 2006, 1, 170, 'PG', 'Trailers,Deleted Scenes,Behind the Scenes'),
(770, 'SCISSORHANDS SLUMS', 'A Awe-Inspiring Drama of a Girl And a Technical Writer who must Meet a Feminist in The Canadian Rockies', 2006, 2, 147, 'G', 'Commentaries,Deleted Scenes,Behind the Scenes'),
(236, 'DIVINE RESURRECTION', 'A Boring Character Study of a Man And a Womanizer who must Succumb a Teacher in An Abandoned Amusement Park', 2006, 1, 100, 'R', 'Trailers,Commentaries'),
(633, 'OCTOBER SUBMARINE', 'A Taut Epistle of a Monkey And a Boy who must Confront a Husband in A Jet Boat', 2006, 1, 54, 'PG-13', 'Trailers,Commentaries,Behind the Scenes'),
(218, 'DECEIVER BETRAYED', 'A Taut Story of a Moose And a Squirrel who must Build a Husband in Ancient India', 2006, 1, 122, 'NC-17', 'Trailers,Commentaries,Deleted Scenes,Behind the Scenes'),
(964, 'WATERFRONT DELIVERANCE', 'A Unbelieveable Documentary of a Dentist And a Technical Writer who must Build a Womanizer in Nigeria', 2006, 4, 61, 'G', 'Behind the Scenes'),
(703, 'PUNK DIVORCE', 'A Fast-Paced Tale of a Pastry Chef And a Boat who must Face a Frisbee in The Canadian Rockies', 2006, 1, 100, 'PG', 'Trailers,Commentaries,Deleted Scenes'),
(140, 'CHEAPER CLYDE', 'A Emotional Character Study of a Pioneer And a Girl who must Discover a Dog in Ancient Japan', 2006, 1, 87, 'G', 'Trailers,Commentaries,Behind the Scenes'),
(164, 'COAST RAINBOW', 'A Astounding Documentary of a Mad Cow And a Pioneer who must Challenge a Butler in The Sahara Desert', 2006, 1, 55, 'PG', 'Trailers,Commentaries,Deleted Scenes,Behind the Scenes'),
(438, 'HUMAN GRAFFITI', 'A Beautiful Reflection of a Womanizer And a Sumo Wrestler who must Chase a Database Administrator in The Gulf of Mexico', 2006, 1, 68, 'NC-17', 'Trailers,Behind the Scenes'),
(263, 'DURHAM PANKY', 'A Brilliant Panorama of a Girl And a Boy who must Face a Mad Scientist in An Abandoned Mine Shaft', 2006, 1, 154, 'R', 'Trailers,Commentaries'),
(434, 'HORROR REIGN', 'A Touching Documentary of a A Shark And a Car who must Build a Husband in Nigeria', 2006, 1, 139, 'R', 'Deleted Scenes,Behind the Scenes'),
(329, 'FORREST SONS', 'A Thrilling Documentary of a Forensic Psychologist And a Butler who must Defeat a Explorer in A Jet Boat', 2006, 1, 63, 'R', 'Commentaries'),
(379, 'GREEDY ROOTS', 'A Amazing Reflection of a A Shark And a Butler who must Chase a Hunter in The Canadian Rockies', 2006, 1, 166, 'R', 'Trailers,Commentaries,Deleted Scenes'),
(255, 'DRIVING POLISH', 'A Action-Packed Yarn of a Feminist And a Technical Writer who must Sink a Boat in An Abandoned Mine Shaft', 2006, 4, 175, 'NC-17', 'Trailers,Deleted Scenes'),
(771, 'SCORPION APOLLO', 'A Awe-Inspiring Documentary of a Technical Writer And a Husband who must Meet a Monkey in An Abandoned Fun House', 2006, 1, 137, 'NC-17', 'Commentaries,Deleted Scenes'),
(692, 'POTLUCK MIXED', 'A Beautiful Story of a Dog And a Technical Writer who must Outgun a Student in A Baloon', 2006, 1, 179, 'G', 'Behind the Scenes'),
(517, 'LESSON CLEOPATRA', 'A Emotional Display of a Man And a Explorer who must Build a Boy in A Manhattan Penthouse', 2006, 1, 167, 'NC-17', 'Deleted Scenes,Behind the Scenes'),
(506, 'LADY STAGE', 'A Beautiful Character Study of a Woman And a Man who must Pursue a Explorer in A U-Boat', 2006, 1, 67, 'PG', 'Trailers,Deleted Scenes,Behind the Scenes'),
(249, 'DRACULA CRYSTAL', 'A Thrilling Reflection of a Feminist And a Cat who must Find a Frisbee in An Abandoned Fun House', 2006, 3, 176, 'G', 'Commentaries'),
(732, 'RINGS HEARTBREAKERS', 'A Amazing Yarn of a Sumo Wrestler And a Boat who must Conquer a Waitress in New Orleans', 2006, 1, 58, 'G', 'Trailers,Commentaries,Behind the Scenes'),
(23, 'ANACONDA CONFESSIONS', 'A Lacklusture Display of a Dentist And a Dentist who must Fight a Girl in Australia', 2006, 1, 92, 'R', 'Trailers,Deleted Scenes'),
(366, 'GOLDFINGER SENSIBILITY', 'A Insightful Drama of a Mad Scientist And a Hunter who must Defeat a Pastry Chef in New Orleans', 2006, 4, 93, 'G', 'Trailers,Commentaries,Behind the Scenes'),
(555, 'MALLRATS UNITED', 'A Thrilling Yarn of a Waitress And a Dentist who must Find a Hunter in A Monastery', 2006, 1, 133, 'PG', 'Trailers,Commentaries,Deleted Scenes'),
(540, 'LUCKY FLYING', 'A Lacklusture Character Study of a A Shark And a Man who must Find a Forensic Psychologist in A U-Boat', 2006, 2, 97, 'PG-13', 'Trailers,Commentaries,Behind the Scenes'),
(67, 'BERETS AGENT', 'A Taut Saga of a Crocodile And a Boy who must Overcome a Technical Writer in Ancient China', 2006, 1, 77, 'PG-13', 'Deleted Scenes'),
(383, 'GROOVE FICTION', 'A Unbelieveable Reflection of a Moose And a A Shark who must Defeat a Lumberjack in An Abandoned Mine Shaft', 2006, 1, 111, 'NC-17', 'Behind the Scenes'),
(637, 'OPEN AFRICAN', 'A Lacklusture Drama of a Secret Agent And a Explorer who must Discover a Car in A U-Boat', 2006, 1, 131, 'PG', 'Trailers,Commentaries'),
(519, 'LIBERTY MAGNIFICENT', 'A Boring Drama of a Student And a Cat who must Sink a Technical Writer in A Baloon', 2006, 1, 138, 'G', 'Commentaries,Deleted Scenes,Behind the Scenes'),
(200, 'CURTAIN VIDEOTAPE', 'A Boring Reflection of a Dentist And a Mad Cow who must Chase a Secret Agent in A Shark Tank', 2006, 1, 133, 'PG-13', 'Trailers,Commentaries,Deleted Scenes,Behind the Scenes'),
(901, 'TRACY CIDER', 'A Touching Reflection of a Database Administrator And a Madman who must Build a Lumberjack in Nigeria', 2006, 1, 142, 'G', 'Trailers,Commentaries,Behind the Scenes'),
(806, 'SLEEPY JAPANESE', 'A Emotional Epistle of a Moose And a Composer who must Fight a Technical Writer in The Outback', 2006, 1, 137, 'PG', 'Trailers,Commentaries,Deleted Scenes');



INSERT INTO `serie` (`serie_id`,`title`, `description`, `release_year`, `language_id`, `rating`, `special_features`) VALUES
(103, 'Teen Wolf' , 'It follows the life of a teenager who becomes a wolf', 2011, 1, 'G', 'Trailers,Deleted Scenes'),
(301, 'Sex Education', 'It follows the life of teenagers at high school and what problems they deel with', 2019, 1, 'NC-17', 'Trailers,Behind the Scenes'),
(150, 'Supernatural', 'Two brothers follow their father''s footsteps as hunters, fighting evil supernatural beings of many kinds, including monsters, demons and gods that roam the earth.', 2005, 1, 'G', 'Trailers'),
(50, 'Gossip Girl' , 'Privileged teens living on the Upper East Side of New York can hide no secret from the ruthless blogger who is always watching.' , 2007, 1, 'PG', 'Trailers,Commentaries'),
(100,'The Originals', 'A family of power-hungry thousand-year-old vampires look to take back the city that they built and dominate all those who have done them wrong.', 2013, 1, 'G', 'Trailers'),
(20, 'Arrow', 'Spoiled billionaire playboy Oliver Queen is missing and presumed dead when his yacht is lost at sea. He returns five years later a changed man, determined to clean up the city as a hooded vigilante armed with a bow.', 2012, 1, 'R', 'Trailers,Behind the Scenes'),
(23, 'The 100', 'Set ninety-seven years after a nuclear war has destroyed civilization, when a spaceship housing humanity''s lone survivors sends one hundred juvenile delinquents back to Earth, in hopes of possibly re-populating the planet.', 2014, 2, 'G', 'Trailers'),
(45, 'Lucifer', 'Lucifer Morningstar has decided he''s had enough of being the dutiful servant in Hell and decides to spend some time on Earth to better understand humanity. He settles in Los Angeles - the City of Angels.', 2016, 1, 'NC-17', 'Trailers,Commentaries'),
(15, 'The Magicians', 'After being recruited to a secretive academy, a group of students discover that the magic they read about as children is very real-and more dangerous than they ever imagined.', 2015, 4,'PG', 'Trailers,Deleted Scenes');


---------------SERIE INFO--------------

INSERT INTO `seasons` (`season_id`, `serie_id`, `season_number`, `release_date`, `ending_date`) VALUES
(10, 103, 6, '2007-06-05', '2017-07-20'),
(20, 301, 3, '2009-07-02', '2013-06-17'),
(30, 150, 4, '2012-03-14', '2017-08-03' ),
(40, 50, 5, '2013-02-16', '2018-03-12'),
(50, 100, 2, '2016-09-12', '2018-03-23'),
(60, 20, 4, '2010-01-19', '2014-07-26'),
(70, 23, 3, '2016-04-20', '2019-09-10'),
(80, 45, 2, '2019-02-19', '2021-05-24'),
(90, 15, 5, '2007-07-15', '2016-03-19');


INSERT INTO `episodes` (`episode_id`, `season_id`, `episode_number`, `title`, `description`, `length`) VALUES
(11, 10, 3, 'Omega', 'When Lydia goes missing from the hospital, Scott, Stiles, and Allison need to find her before the Argents hunting party does. Jacksons body seems to be rejecting "the bite" that Derek gave him.', 42),
(12, 10, 5, 'Parasomnia', 'Lydia helps a student with nightmares, while Stiles is wary of a new classmate.', 40),
(13, 20, 2, 'Makeover', 'Makeovers take over when Ruby gives Otis a magnetic revamp and Hope tones the school down. Way down. Elsewhere, Eric and Adam look to level up.', 39),
(14, 20, 1, 'Home', 'Home is where the heat is. Jean contends with a hot mess and a cold shoulder. Maeve deals with a mum on the run. The "sex school" finally goes public.', 42),
(15, 30, 15, 'Raising Hell', 'Dean, Castiel and Sam call on Rowena to help keep the evil souls at bay and get an unexpected assist by Ketch.', 40),
(16, 30, 14, 'Fan Fiction', 'Sam and Dean investigate a haunting at a theatre.', 35),
(17,40, 5, 'Fire Walks with Z,', 'Tensions run high as Zoya reluctantly celebrates her birthday. Audrey levels with Aki. Kate gets an exciting opportunity.', 43),
(18, 50, 6, 'Where You Left Your Heart', 'Where You Left Your Heart', 40),
(19, 60, 3, 'Sara', 'Team Arrow is in pursuit of a new villain who poses a threat to Starling City. Meanwhile, Oliver is worried about not having heard from Thea.', 39),
(20, 70, 19, 'From the Ashes', 'Clarke and her friends attempt to rebuild Sanctum as a new threat rises in the woods.', 41),
(21, 80, 2, 'Nothing Ever Changes Around Here', 'Before Lucifer starts his new job, he and Chloe experience a magical night with a murderous end. Linda and Amenadiel host Maze and Eve for dinner.', 35),
(22, 90, 8, 'The Wrath of the Time Bees', 'Alice didnt buy enough tacos. Fens got 3 bars.', 43);



-------------ACTORS---------

INSERT INTO `film_actor` (`actor_id`, `film_id`) VALUES
(6, 826),
(7, 758),
(3, 539),
(4, 691),
(7, 691),
(5, 730),
(7, 957),
(4, 56),
(8, 859);

INSERT INTO `serie_actor` (`actor_id` , `serie_id`) VALUES
(2, 103),
(5, 100),
(7, 150),
(10, 50),
(15, 20),
(20, 15),
(25, 45),
(2, 23),
(10, 301), 
(13, 50),
(2, 23),
(10, 301);


--------------INVENTORIES-------------
INSERT INTO `film_inventory` (`film_inventory_id`, `film_id`) VALUES
(3774, 826),
(3456, 758),
(3319, 730),
(4253, 924),
(3943, 859),
(4204, 914),
(2365, 514),
(1323, 292),
(2815, 618),
(1299, 286),
(187, 42),
(878, 193),
(3033, 665),
(1657, 361),
(3871, 846),
(1557, 341),
(1834, 398),
(3974, 865),
(2524, 554),
(4298, 936),
(4156, 902),
(3517, 770),
(1061, 236),
(2884, 633),
(3942, 859),
(978, 218),
(4413, 964),
(3201, 703),
(750, 164),
(1743, 379),
(3524, 771),
(3152, 692),
(2371, 517),
(4205, 914),
(1768, 383),
(2900, 637),
(2380, 519),
(901, 200),
(1746, 379),
(4149, 901),
(1158, 255),
(4160, 902),
(2225, 441),
(1324, 292),
(3840, 846),
(2601, 618),
(4203, 914),
(1694, 366),
(2393, 539),
(793, 179),
(363, 67),
(4260, 902),
(782, 23),
(2220, 438),
(4158, 902),
(1309, 288),
(788, 140),
(1505, 329),
(1437, 361),
(667, 23),
(2375, 517),
(4118, 900),
(4252, 924),
(980, 218),
(1995, 434),
(2207, 506),
(6, 193),
(914, 251),
(97, 30),
(871, 193),
(507, 67),
(4312, 806),
(478, 341),
(4420, 964),
(3841, 846),
(3938, 859),
(3773, 826),
(2807, 618),
(2092, 691),
(2376, 179),
(3244, 770),
(152, 732),
(361, 67),
(3657, 398);

INSERT INTO `episode_inventory` (`episode_inventory_id`, `episode_id`) VALUES
(2345, 11),
(2456, 12),
(2551, 13),
(2556, 14),
(2578, 15),
(2580, 16),
(2585, 17),
(2590, 18),
(2592, 19),
(400, 20),
(430, 21),
(440, 22),
(445, 12),
(450, 15),
(455, 18),
(459, 12),
(460, 11),
(470, 19),
(500, 12);

-------------------RENTAL-------------

INSERT INTO `film_rental` (`film_rental_id`, `film_rental_date`, `film_inventory_id`, `customer_id`) VALUES
(1194, '2005-06-15 01:25:08', 3774, 402),
(2913, '2005-06-20 03:42:27', 3456, 402),
(6283, '2005-07-11 16:47:32', 3319, 402),
(11920, '2005-08-17 16:10:19', 4253, 402),
(10093, '2005-07-31 20:30:32', 3943, 162),
(1287, '2005-06-15 08:41:38', 4204, 104),
(11700, '2005-08-17 07:12:31', 2365, 104),
(15186, '2005-08-22 15:52:57', 1323, 104),
(424, '2005-05-27 15:34:01', 2815, 35),
(889, '2005-05-30 07:14:53', 1299, 114),
(3924, '2005-07-06 20:38:02', 187, 114),
(7462, '2005-07-27 18:47:47', 878, 114),
(15528, '2005-08-23 03:45:40', 3033, 114),
(1313, '2005-06-15 10:18:34', 1657, 448),
(1823, '2005-06-16 21:48:16', 3871, 448),
(4206, '2005-07-07 11:32:16', 1557, 448),
(6985, '2005-07-27 00:57:42', 1834, 448),
(11798, '2005-08-17 11:21:43', 3974, 448),
(13250, '2005-08-19 16:47:55', 2524, 448),
(9196, '2005-07-30 12:30:19', 4298, 251),
(12666, '2005-08-18 19:11:41', 4156, 251),
(13121, '2005-08-19 11:51:39', 3517, 251),
(1182, '2005-06-15 00:45:21', 1061, 196),
(3342, '2005-06-21 10:46:36', 2884, 196),
(9721, '2005-07-31 08:28:46', 3942, 196),
(12684, '2005-08-18 19:51:27', 978, 196),
(13799, '2005-08-20 12:36:42', 4413, 196),
(7132, '2005-07-27 06:28:34', 3201, 227),
(8417, '2005-07-29 06:53:36', 750, 227),
(12099, '2005-08-17 22:38:54', 1743, 195),
(16040, '2005-08-23 22:19:33', 3524, 195),
(756, '2005-05-29 10:28:45', 3152, 201),
(2047, '2005-06-17 14:40:58', 2371, 201),
(14656, '2005-08-21 19:39:28', 4205, 201),
(6197, '2005-07-11 12:09:51', 4156, 596),
(14417, '2005-08-21 11:13:35', 1768, 596),
(4095, '2005-07-07 06:01:48', 2900, 33),
(13958, '2005-08-20 18:11:44', 2380, 33),
(14623, '2005-08-21 18:29:13', 901, 33),
(2621, '2005-06-19 08:07:31', 1746, 439),
(11042, '2005-08-02 06:04:33', 4149, 439),
(4172, '2005-07-07 09:49:09', 1158, 309),
(4540, '2005-07-08 04:03:28', 4160, 309),
(11964, '2005-08-17 17:37:03', 2225, 309),
(13502, '2005-08-20 01:58:15', 1324, 309),
(14846, '2005-08-22 02:13:48', 3840, 309),
(15422, '2005-08-22 23:58:09', 2601, 309),
(1355, '2005-06-15 13:13:59', 4203, 499),
(4693, '2005-07-08 11:07:36', 1694, 221),
(7531, '2005-07-27 21:19:34', 2393, 221),
(11693, '2005-08-17 06:56:56', 793, 221),
(11802, '2005-08-17 11:32:51', 2815, 221),
(15125, '2005-08-22 12:53:22', 3942, 221),
(3993, '2005-07-06 23:37:06', 1061, 525),
(874, '2005-05-30 05:36:21', 363, 52),
(2862, '2005-06-19 23:47:24', 4260, 52),
(7627, '2005-07-28 00:56:47', 782, 52),
(8686, '2005-07-29 16:17:49', 4160, 52),
(9029, '2005-07-30 06:03:11', 2220, 52),
(12001, '2006-02-14 15:16:03', 4158, 52),
(3025, '2005-06-20 11:46:48', 1309, 293),
(15258, '2005-08-22 18:22:44', 788, 293),
(213, '2005-05-26 08:44:08', 1505, 394),
(6059, '2005-07-11 04:03:54', 1437, 394),
(506, '2005-05-28 02:09:19', 667, 469),
(936, '2005-05-30 13:52:49', 901, 469),
(3526, '2005-07-06 01:03:29', 3871, 469),
(5664, '2005-07-10 08:04:41', 2375, 469),
(8316, '2005-07-29 03:38:49', 4118, 549),
(148, '2005-05-26 00:25:23', 4252, 142),
(3492, '2005-07-05 23:44:37', 980, 142),
(4497, '2005-07-08 01:51:32', 1995, 142),
(4372, '2005-07-07 20:09:01', 2207, 252),
(7168, '2005-07-27 07:51:11', 6, 252),
(2029, '2005-06-17 13:10:59', 914, 512),
(12786, '2006-02-14 15:16:03', 97, 512),
(5462, '2005-07-09 22:56:53', 871, 583),
(10800, '2005-08-01 22:07:44', 507, 583),
(8452, '2005-07-29 07:45:00', 4312, 16),
(772, '2005-05-29 13:08:06', 3319, 556),
(1083, '2005-05-31 11:04:48', 2393, 556),
(2986, '2005-06-20 08:50:28', 478, 556),
(14176, '2005-08-21 03:09:23', 4420, 556),
(882, '2005-05-30 06:16:06', 3841, 477),
(2676, '2005-06-19 11:54:57', 3938, 477),
(4237, '2005-07-07 13:16:55', 3773, 477),
(4283, '2005-07-07 15:29:35', 2807, 477),
(15091, '2005-08-22 11:34:43', 2092, 477),
(2818, '2005-06-19 20:05:52', 2376, 497),
(3696, '2005-07-06 10:04:55', 3244, 497),
(4218, '2005-07-07 12:10:24', 152, 497),
(12123, '2005-08-17 23:22:18', 361, 497),
(12698, '2006-02-14 15:16:03', 3657, 497),
(15919, '2005-08-23 18:01:31', 1746, 497),
(16200, '2005-05-26 00:25:23', 152, 142);

INSERT INTO `episode_rental` (`episode_rental_id`, `episode_rental_date`, `episode_inventory_id`,  `customer_id`) VALUES
(10, '2003-02-13 15:29:35', 460, 16),
(100, '2005-05-29 13:08:06', 2345, 52),
(200, '2005-07-06 10:04:55', 445, 85),
(300, '2005-05-26 00:25:23', 459, 104),
(400, '2005-07-08 01:51:32', 500, 52),
(500, '2005-08-22 12:53:22', 2456, 293),
(15422, '2005-08-22 23:58:09', 2551, 309),
(600, '2005-05-30 07:14:53', 2556, 549),
(700, '2005-08-23 03:45:40', 450, 596),
(800, '2005-06-15 01:25:08', 2578, 477),
(900, '2005-08-20 01:58:15', 2580, 85),
(1000, '2005-07-07 09:49:09', 2580, 469),
(2000, '2005-08-17 06:56:56', 2585, 549),
(3000, '2005-08-18 19:11:41', 455, 142),
(4000, '2005-06-19 08:07:31', 2590, 35),
(5000, '2005-07-31 20:30:32', 470, 556),
(6000, '2005-08-19 11:51:39', 2592, 104),
(7000, '2005-06-20 03:42:27', 400, 541),
(8000, '2005-06-15 08:41:38', 430, 52),
(9000, '2005-05-30 07:14:53', 440, 583);

------------------PAYMENT--------------
INSERT INTO `film_payment` (`film_payment_id`, `customer_id`, `film_rental_id`, `film_amount`, `film_payment_date`) VALUES
(10857, 402, 1194, '4.99', '2005-06-15 01:25:08'),
(10859, 402, 2913, '2.99', '2005-06-20 03:42:27'),
(10867, 402, 6283, '3.99', '2005-07-11 16:47:32'),
(10874, 402, 11920, '0.99', '2005-08-17 16:10:19'),
(4416, 162, 10093, '5.99', '2005-07-31 20:30:32'),
(2802, 104, 1287, '3.99', '2005-06-15 08:41:38'),
(2816, 104, 11700, '2.99', '2005-08-17 07:12:31'),
(2823, 104, 15186, '0.99', '2005-08-22 15:52:57'),
(953, 35, 424, '6.99', '2005-05-27 15:34:01'),
(3060, 114, 889, '2.99', '2005-05-30 07:14:53'),
(3066, 114, 3924, '2.99', '2005-07-06 20:38:02'),
(3074, 114, 7462, '2.99', '2005-07-27 18:47:47'),
(3087, 114, 15528, '2.99', '2005-08-23 03:45:40'),
(12087, 448, 1313, '5.99', '2005-06-15 10:18:34'),
(12088, 448, 1823, '7.99', '2005-06-16 21:48:16'),
(12095, 448, 4206, '2.99', '2005-07-07 11:32:16'),
(12100, 448, 6985, '4.99', '2005-07-27 00:57:42'),
(12103, 448, 11798, '9.99', '2005-08-17 11:21:43'),
(12106, 448, 13250, '3.99', '2005-08-19 16:47:55'),
(6775, 251, 9196, '2.99', '2005-07-30 12:30:19'),
(6780, 251, 12666, '4.99', '2005-08-18 19:11:41'),
(6781, 251, 13121, '2.99', '2005-08-19 11:51:39'),
(5285, 196, 1182, '5.99', '2005-06-15 00:45:21'),
(5292, 196, 3342, '4.99', '2005-06-21 10:46:36'),
(5304, 196, 9721, '6.99', '2005-07-31 08:28:46'),
(5310, 196, 12684, '0.99', '2005-08-18 19:51:27'),
(5312, 196, 13799, '8.99', '2005-08-20 12:36:42'),
(6121, 227, 7132, '7.99', '2005-07-27 06:28:34'),
(6125, 227, 8417, '4.99', '2005-07-29 06:53:36'),
(5276, 195, 12099, '0.99', '2005-08-17 22:38:54'),
(5280, 195, 16040, '11.99', '2005-08-23 22:19:33'),
(5447, 201, 756, '5.99', '2005-05-29 10:28:45'),
(5448, 201, 2047, '1.99', '2005-06-17 14:40:58'),
(5466, 201, 14656, '2.99', '2005-08-21 19:39:28'),
(15967, 596, 6197, '4.99', '2005-07-11 12:09:51'),
(15980, 596, 14417, '0.99', '2005-08-21 11:13:35'),
(910, 33, 4095, '5.99', '2005-07-07 06:01:48'),
(922, 33, 13958, '7.99', '2005-08-20 18:11:44'),
(924, 33, 14623, '0.99', '2005-08-21 18:29:13'),
(11835, 439, 2621, '2.99', '2005-06-19 08:07:31'),
(11852, 439, 11042, '6.99', '2005-08-02 06:04:33'),
(8389, 309, 4172, '4.99', '2005-07-07 09:49:09'),
(8390, 309, 4540, '4.99', '2005-07-08 04:03:28'),
(8406, 309, 11964, '6.99', '2005-08-17 17:37:03'),
(8408, 309, 13502, '0.99', '2005-08-20 01:58:15'),
(8410, 309, 14846, '5.99', '2005-08-22 02:13:48'),
(8411, 309, 15422, '4.99', '2005-08-22 23:58:09'),
(13433, 499, 1355, '2.99', '2005-06-15 13:13:59'),
(5983, 221, 4693, '6.99', '2005-07-08 11:07:36'),
(5988, 221, 7531, '8.99', '2005-07-27 21:19:34'),
(5994, 221, 11693, '4.99', '2005-08-17 06:56:56'),
(5995, 221, 11802, '2.99', '2005-08-17 11:32:51'),
(6002, 221, 15125, '8.99', '2005-08-22 12:53:22'),
(14119, 525, 3993, '6.99', '2005-07-06 23:37:06'),
(1425, 52, 874, '0.99', '2005-05-30 05:36:21'),
(1428, 52, 2862, '2.99', '2005-06-19 23:47:24'),
(1437, 52, 7627, '4.99', '2005-07-28 00:56:47'),
(1438, 52, 8686, '4.99', '2005-07-29 16:17:49'),
(1439, 52, 9029, '4.99', '2005-07-30 06:03:11'),
(1453, 52, 12001, '4.99', '2006-02-14 15:16:03'),
(7929, 293, 3025, '2.99', '2005-06-20 11:46:48'),
(7949, 293, 15258, '4.99', '2005-08-22 18:22:44'),
(10672, 394, 213, '3.99', '2005-05-26 08:44:08'),
(10681, 394, 6059, '4.99', '2005-07-11 04:03:54'),
(12651, 469, 506, '7.99', '2005-05-28 02:09:19'),
(12653, 469, 936, '1.99', '2005-05-30 13:52:49'),
(12658, 469, 3526, '10.99', '2005-07-06 01:03:29'),
(12663, 469, 5664, '6.99', '2005-07-10 08:04:41'),
(14738, 549, 8316, '4.99', '2005-07-29 03:38:49'),
(3832, 142, 148, '0.99', '2005-05-26 00:25:23'),
(3836, 142, 3492, '2.99', '2005-07-05 23:44:37'),
(3837, 142, 4497, '4.99', '2005-07-08 01:51:32'),
(6793, 252, 4372, '0.99', '2005-07-07 20:09:01'),
(6799, 252, 7168, '0.99', '2005-07-27 07:51:11'),
(13782, 512, 2029, '4.99', '2005-06-17 13:10:59'),
(13806, 512, 12786, '0.99', '2006-02-14 15:16:03'),
(15623, 583, 5462, '0.99', '2005-07-09 22:56:53'),
(15633, 583, 10800, '4.99', '2005-08-01 22:07:44'),
(434, 16, 8452, '5.99', '2005-07-29 07:45:00'),
(14891, 556, 772, '5.99', '2005-05-29 13:08:06'),
(14892, 556, 1083, '3.99', '2005-05-31 11:04:48'),
(14895, 556, 2986, '0.99', '2005-06-20 08:50:28'),
(14909, 556, 14176, '2.99', '2005-08-21 03:09:23'),
(12885, 477, 882, '2.99', '2005-05-30 06:16:06'),
(12889, 477, 2676, '4.99', '2005-06-19 11:54:57'),
(12890, 477, 4237, '5.99', '2005-07-07 13:16:55'),
(12891, 477, 4283, '2.99', '2005-07-07 15:29:35'),
(12905, 477, 15091, '2.99', '2005-08-22 11:34:43'),
(13381, 497, 2818, '4.99', '2005-06-19 20:05:52'),
(13382, 497, 3696, '2.99', '2005-07-06 10:04:55'),
(13383, 497, 4218, '7.99', '2005-07-07 12:10:24'),
(13397, 497, 12123, '0.99', '2005-08-17 23:22:18'),
(13404, 497, 12698, '4.99', '2006-02-14 15:16:03'),
(13403, 497, 15919, '0.99', '2005-08-23 18:01:31');


INSERT INTO `episode_payment` (`episode_payment_id`, `customer_id`, `episode_rental_id`, `episode_amount`, `episode_payment_date`) VALUES
(1010, 3, 10, '0.20', '2005-08-23 18:01:31'),
(1012, 3, 100, '0.20', '2006-02-14 15:16:03'),
(1020, 3, 200, '0.20', '2005-08-17 23:22:18'),
(1030, 33, 300, '0.20', '2005-07-07 12:10:24'),
(1040, 52, 400, '0.20', '2005-07-06 10:04:55'),
(1050, 142, 500, '0.20', '2005-07-07 15:29:35'),
(1060, 162, 600, '0.20', '2005-07-07 13:16:55'),
(1070, 195, 700, '0.20', '2005-05-30 06:16:06'),
(1080, 512, 800, '0.20', '2005-08-21 03:09:23'),
(2000, 512, 900, '0.20', '2005-05-31 11:04:48'),
(2100, 596, 1000, '0.20', '2005-05-29 13:08:06'),
(2200, 596, 2000, '0.20', '2005-07-29 07:45:00'),
(2300, 402, 3000, '0.20', '2005-08-01 22:07:44'),
(2400, 309, 4000, '0.20', '2005-07-09 22:56:53'),
(2500, 309, 5000, '0.20', '2006-02-14 15:16:03'),
(2600, 227, 6000, '0.20', '2005-06-17 13:10:59'),
(2700, 252, 7000, '0.20', '2005-07-27 07:51:11'),
(3000, 512, 8000, '0.20', '2005-07-07 20:09:01'),
(3200, 309, 9000, '0.20', '2005-08-22 18:22:44'),
(3400, 142, 15422, '0.20', '2005-08-21 19:39:28');